-- phpMyAdmin SQL Dump
-- version 4.7.7
-- https://www.phpmyadmin.net/
--
-- Servidor: 127.0.0.1
-- Tiempo de generación: 18-06-2018 a las 00:04:51
-- Versión del servidor: 10.1.30-MariaDB
-- Versión de PHP: 7.2.2

SET SQL_MODE = "NO_AUTO_VALUE_ON_ZERO";
SET AUTOCOMMIT = 0;
START TRANSACTION;
SET time_zone = "+00:00";


/*!40101 SET @OLD_CHARACTER_SET_CLIENT=@@CHARACTER_SET_CLIENT */;
/*!40101 SET @OLD_CHARACTER_SET_RESULTS=@@CHARACTER_SET_RESULTS */;
/*!40101 SET @OLD_COLLATION_CONNECTION=@@COLLATION_CONNECTION */;
/*!40101 SET NAMES utf8mb4 */;

--
-- Base de datos: `tbasketball`
--
CREATE DATABASE IF NOT EXISTS `id6217048_tbasketball` DEFAULT CHARACTER SET utf8 COLLATE utf8_bin;
USE `id6217048_tbasketball`;

-- --------------------------------------------------------

--
-- Estructura de tabla para la tabla `conferencia`
--

CREATE TABLE IF NOT EXISTS `conferencia` (
  `id_conferencia` int(1) NOT NULL,
  `conferencia` varchar(10) COLLATE utf8_bin NOT NULL,
  `imagen` varchar(50) COLLATE utf8_bin NOT NULL,
  PRIMARY KEY (`id_conferencia`)
) ENGINE=InnoDB DEFAULT CHARSET=utf8 COLLATE=utf8_bin;

--
-- Volcado de datos para la tabla `conferencia`
--

INSERT INTO `conferencia` (`id_conferencia`, `conferencia`, `imagen`) VALUES
(1, 'este', '../assets/conferences/east.png'),
(2, 'oeste', '../assets/conferences/west.png');

-- --------------------------------------------------------

--
-- Estructura de tabla para la tabla `equipos`
--

CREATE TABLE IF NOT EXISTS `equipos` (
  `team_id` int(11) NOT NULL,
  `team_name` varchar(100) COLLATE utf8_bin NOT NULL,
  `logo` varchar(100) COLLATE utf8_bin NOT NULL,
  `latitud` float NOT NULL,
  `longitud` float NOT NULL,
  `nombre_estadio` varchar(255) COLLATE utf8_bin NOT NULL,
  `imagen_estadio` varchar(255) COLLATE utf8_bin NOT NULL,
  `pais` varchar(4) COLLATE utf8_bin NOT NULL,
  `nombre_estado` varchar(100) COLLATE utf8_bin NOT NULL,
  `estado_iso` varchar(10) COLLATE utf8_bin NOT NULL,
  `city` varchar(50) COLLATE utf8_bin NOT NULL,
  `conferencia_id` int(1) NOT NULL,
  PRIMARY KEY (`team_id`),
  KEY `conferencia_id` (`conferencia_id`)
) ENGINE=InnoDB DEFAULT CHARSET=utf8 COLLATE=utf8_bin;

--
-- Volcado de datos para la tabla `equipos`
--

INSERT INTO `equipos` (`team_id`, `team_name`, `logo`, `latitud`, `longitud`, `nombre_estadio`, `imagen_estadio`, `pais`, `nombre_estado`, `estado_iso`, `city`, `conferencia_id`) VALUES
(1610612737, 'Atlanta Hawks', '../assets/teams/hawks.png', 33.7571, -84.396, 'Philips Arena', '../assets/stadiums/hawks.jpg', 'us', 'Georgia', 'ga', 'atlanta', 1),
(1610612738, 'Boston Celtics', '../assets/teams/celtics.png', 42.3662, -71.0621, 'TD Garden', '../assets/stadiums/celtics.jpg', 'us', 'Massachusetts', 'ma', 'boston', 1),
(1610612739, 'Cleveland Cavaliers', '../assets/teams/cavs.png', 41.4965, -81.6882, 'Quicken Loans Arena', '../assets/stadiums/cavs.png', 'us', 'Ohio', 'oh', 'cleveland', 1),
(1610612740, 'New Orleans Pelicans', '../assets/teams/pelicans.png', 29.949, -90.082, 'New Orleans Arena', '../assets/stadiums/pelicans.jpg', 'us', 'Louisiana', 'la', 'new_orleans', 2),
(1610612741, 'Chicago Bulls', '../assets/teams/bulls.png', 41.8806, -87.6741, 'United Center', '../assets/stadiums/bulls.jpg', 'us', 'Illinois', 'il', 'chicago', 1),
(1610612742, 'Dallas Mavericks', '../assets/teams/mavericks.png', 32.7905, -96.8103, 'American Airlines Center', '../assets/stadiums/mavericks.jpg', 'us', 'Texas', 'tx', 'dallas', 2),
(1610612743, 'Denver Nuggets', '../assets/teams/nuggets.png', 39.7487, -105.008, 'Pepsi Center', '../assets/stadiums/nuggets.jpg', 'us', 'Colorado', 'co', 'denver', 2),
(1610612744, 'Golden State Warriors', '../assets/teams/warriors.png', 37.7501, -122.203, 'Oracle Arena', '../assets/stadiums/warriors.jpg', 'us', 'California', 'ca', 'san_francisco', 2),
(1610612745, 'Houston Rockets', '../assets/teams/rockets.png', 29.7506, -95.3621, 'Toyota Center', '../assets/stadiums/rockets.jpg', 'us', 'Texas', 'tx', 'houston', 2),
(1610612746, 'Los Angeles Clippers', '../assets/teams/clippers.png', 34.0429, -118.267, 'Staples Center', '../assets/stadiums/lakers.jpg', 'us', 'California', 'ca', 'los_angeles', 2),
(1610612747, 'Los Angeles Lakers', '../assets/teams/lakers.png', 34.0429, -118.267, 'Staples Center', '../assets/stadiums/clippers.jpg', 'us', 'California', 'ca', 'los_angeles', 2),
(1610612748, 'Miami Heat', '../assets/teams/heat.png', 25.7812, -80.187, 'AmericanAirlines Arena', '../assets/stadiums/heat.jpg', 'us', 'Florida', 'fl', 'miami', 1),
(1610612749, 'Milwaukee Bucks', '../assets/teams/bucks.png', 43.0435, -87.917, 'BMO Harris Bradley Center', '../assets/stadiums/bucks.jpg', 'us', 'Wisconsin', 'wi', 'milwaukee', 1),
(1610612750, 'Minnesota Timberwolves', '../assets/teams/timberwolves.png', 44.9794, -93.2761, 'Target Center', '../assets/stadiums/timberwolves.jpg', 'us', 'Minnesota', 'mn', 'minnesota', 2),
(1610612751, 'Brooklyn Nets', '../assets/teams/nets.png', 40.6828, -73.9754, 'Barclays Center', '../assets/stadiums/nets.jpg', 'us', 'Nueva York', 'ny', 'new_york', 1),
(1610612752, 'New York Knicks', '../assets/teams/knicks.png', 40.7504, -73.9936, 'Madison Square Garden', '../assets/stadiums/knicks.jpg', 'us', 'Nueva York', 'ny', 'new_york', 1),
(1610612753, 'Orlando Magic', '../assets/teams/magic.png', 28.5392, -81.384, 'Amway Center', '../assets/stadiums/magic.jpg', 'us', 'Florida', 'fl', 'orlando', 1),
(1610612754, 'Indiana Pacers', '../assets/teams/pacers.png', 39.7639, -86.1555, 'Bankers Life Fieldhouse', '../assets/stadiums/pacers.jpg', 'us', 'Indiana', 'in', 'indianapolis', 1),
(1610612755, 'Philadelphia 76ers', '../assets/teams/philly.png', 39.9012, -75.1721, 'Wells Fargo Center', '../assets/stadiums/philly.jpg', 'us', 'Pennsylvania', 'pa', 'philadelphia', 1),
(1610612756, 'Phoenix Suns', '../assets/teams/suns.png', 33.4458, -112.071, 'Talking Stick Resort Arena', '../assets/stadiums/suns.jpg', 'us', 'Arizona', 'az', 'phoenix', 2),
(1610612757, 'Portland Trail Blazers', '../assets/teams/blazers.png', 45.5315, -122.667, 'Moda Center', '../assets/stadiums/blazers.jpg', 'us', 'Oregon', 'or', 'portland', 2),
(1610612758, 'Sacramento Kings', '../assets/teams/kings.png', 38.5803, -121.5, 'Golden 1 Center', '../assets/stadiums/kings.jpg', 'us', 'California', 'ca', 'sacramento', 2),
(1610612759, 'San Antonio Spurs', '../assets/teams/spurs.png', 29.4269, -98.4374, 'AT&T Center', '../assets/stadiums/spurs.jpg', 'us', 'Texas', 'tx', 'san_antonio', 2),
(1610612760, 'Oklahoma City Thunder', '../assets/teams/thunder.png', 35.4634, -97.5152, 'Chesapeake Energy Arena', '../assets/stadiums/thunder.jpg', 'us', 'Oklahoma', 'ok', 'oklahoma', 2),
(1610612761, 'Toronto Raptors', '../assets/teams/raptors.png', 43.6435, -79.3792, 'Air Canada Centre', '../assets/stadiums/raptors.jpg', 'ca', 'Ontario', 'on', 'toronto', 1),
(1610612762, 'Utah Jazz', '../assets/teams/jazz.png', 40.7682, -111.901, 'EnergySolutions Arena', '../assets/stadiums/jazz.jpg', 'us', 'Utah', 'ut', 'utah', 2),
(1610612763, 'Memphis Grizzlies', '../assets/teams/grizzlies.png', 35.1381, -90.0505, 'FedExForum', '../assets/stadiums/grizzlies.jpg', 'us', 'Tennessee', 'tn', 'memphis', 2),
(1610612764, 'Washington Wizards', '../assets/teams/wizards.png', 38.8981, -77.021, 'Capital One Arena', '../assets/stadiums/wizards.jpeg', 'us', 'Distrito de Columbia', 'dc', 'washington', 1),
(1610612765, 'Detroit Pistons', '../assets/teams/pistons.png', 42.3411, -83.0554, 'Little Caesars Arena', '../assets/stadiums/pistons.png', 'us', 'Michigan', 'mi', 'detroit', 1),
(1610612766, 'Charlotte Hornets', '../assets/teams/hornets.png', 35.2252, -80.8392, 'Spectrum Center', '../assets/stadiums/hornets.jpg', 'us', 'Carolina del Norte', 'nc', 'charlotte', 1);

-- --------------------------------------------------------

--
-- Estructura de tabla para la tabla `jugadores`
--

CREATE TABLE IF NOT EXISTS `jugadores` (
  `player_id` int(11) NOT NULL,
  `player_name` varchar(255) COLLATE utf8_bin NOT NULL,
  `first_name` varchar(50) COLLATE utf8_bin NOT NULL,
  `last_name` varchar(50) COLLATE utf8_bin NOT NULL,
  `team_id` int(11) NOT NULL,
  `id_temporada` int(5) NOT NULL,
  PRIMARY KEY (`player_id`),
  KEY `team_id` (`team_id`),
  KEY `id_temporada` (`id_temporada`)
) ENGINE=InnoDB DEFAULT CHARSET=utf8 COLLATE=utf8_bin;

--
-- Volcado de datos para la tabla `jugadores`
--

INSERT INTO `jugadores` (`player_id`, `player_name`, `first_name`, `last_name`, `team_id`, `id_temporada`) VALUES
(1713, 'Vince Carter', 'Vince ', 'Carter', 1610612758, 0),
(1717, 'Dirk Nowitzki', 'Dirk', 'Nowitzki', 1610612742, 0),
(1891, 'Jason Terry', 'Jason ', 'Terry', 1610612749, 0),
(1938, 'Manu Ginobili', 'Manu ', 'Ginobili', 1610612759, 0),
(2037, 'Jamal Crawford', 'Jamal ', 'Crawford', 1610612750, 0),
(2199, 'Tyson Chandler', 'Tyson ', 'Chandler', 1610612756, 0),
(2200, 'Pau Gasol', 'Pau ', 'Gasol', 1610612759, 0),
(2207, 'Joe Johnson', 'Joe ', 'Johnson', 1610612745, 0),
(2210, 'Richard Jefferson', 'Richard ', 'Jefferson', 1610612743, 0),
(2216, 'Zach Randolph', 'Zach ', 'Randolph', 1610612758, 0),
(2225, 'Tony Parker', 'Tony ', 'Parker', 1610612759, 0),
(2403, 'Nene', 'Nene', '', 1610612745, 0),
(2544, 'LeBron James', 'LeBron ', 'James', 1610612739, 0),
(2546, 'Carmelo Anthony', 'Carmelo', 'Anthony', 1610612760, 0),
(2548, 'Dwyane Wade', 'Dwyane', 'Wade', 1610612748, 0),
(2555, 'Nick Collison', 'Nick ', 'Collison', 1610612760, 0),
(2561, 'David West', 'David', 'West', 1610612744, 0),
(2570, 'Kendrick Perkins', 'Kendrick ', 'Perkins', 1610612739, 0),
(2585, 'Zaza Pachulia', 'Zaza ', 'Pachulia', 1610612744, 0),
(2594, 'Kyle Korver', 'Kyle ', 'Korver', 1610612739, 0),
(2617, 'Udonis Haslem', 'Udonis ', 'Haslem', 1610612748, 0),
(2730, 'Dwight Howard', 'Dwight', 'Howard', 1610612766, 0),
(2731, 'Emeka Okafor', 'emeka', 'okafor', 1610612740, 0),
(2733, 'Shaun Livingston', 'Shaun ', 'Livingston', 1610612744, 0),
(2734, 'Devin Harris', 'Devin', 'Harris', 1610612743, 0),
(2736, 'Luol Deng', 'Luol ', 'Deng', 1610612747, 0),
(2738, 'Andre Iguodala', 'andre', 'iguodala', 1610612744, 0),
(2744, 'Al Jefferson', 'al', 'jefferson', 1610612754, 0),
(2747, 'JR Smith', 'jr', 'smith', 1610612739, 0),
(2749, 'Jameer Nelson', 'Jameer ', 'Nelson', 1610612765, 0),
(2772, 'Trevor Ariza', 'Trevor ', 'Ariza', 1610612745, 0),
(101107, 'Marvin Williams', 'Marvin ', 'Williams', 1610612766, 0),
(101108, 'Chris Paul', 'Chris', 'Paul', 1610612745, 0),
(101109, 'Raymond Felton', 'Raymond ', 'Felton', 1610612760, 0),
(101112, 'Channing Frye', 'Channing', 'Frye', 1610612747, 0),
(101123, 'Gerald Green', 'Gerald ', 'Green', 1610612745, 0),
(101127, 'Jarrett Jack', 'Jarrett ', 'Jack', 1610612752, 0),
(101133, 'Ian Mahinmi', 'Ian ', 'Mahinmi', 1610612764, 0),
(101139, 'CJ Miles', 'CJ', 'Miles', 1610612761, 0),
(101141, 'Ersan Ilyasova', 'Ersan', 'Ilyasova', 1610612755, 0),
(101150, 'Lou Williams', 'Lou ', 'Williams', 1610612746, 0),
(101161, 'Amir Johnson', 'amir', 'johnson', 1610612755, 0),
(101162, 'Marcin Gortat', 'Marcin ', 'Gortat', 1610612764, 0),
(101181, 'Jose Calderon', 'Jose ', 'Calderon', 1610612739, 0),
(200746, 'LaMarcus Aldridge', 'LaMarcus ', 'Aldridge', 1610612759, 0),
(200752, 'Rudy Gay', 'Rudy ', 'Gay', 1610612759, 0),
(200755, 'JJ Redick', 'jj', 'redick', 1610612755, 0),
(200757, 'Thabo Sefolosha', 'Thabo ', 'Sefolosha', 1610612762, 0),
(200765, 'Rajon Rondo', 'Rajon ', 'Rondo', 1610612740, 0),
(200768, 'Kyle Lowry', 'Kyle ', 'Lowry', 1610612761, 0),
(200782, 'PJ Tucker', 'PJ ', 'Tucker', 1610612745, 0),
(200794, 'Paul Millsap', 'Paul ', 'Millsap', 1610612743, 0),
(200826, 'J.J. Barea', 'jj', 'barea', 1610612742, 0),
(201142, 'Kevin Durant', 'Kevin ', 'Durant', 1610612744, 0),
(201143, 'Al Horford', 'al', 'horford', 1610612738, 0),
(201144, 'Mike Conley', 'Mike ', 'Conley', 1610612763, 0),
(201145, 'Jeff Green', 'Jeff ', 'Green', 1610612739, 0),
(201147, 'Corey Brewer', 'Corey', 'Brewer', 1610612760, 0),
(201149, 'Joakim Noah', 'Joakim ', 'Noah', 1610612752, 0),
(201152, 'Thaddeus Young', 'Thaddeus ', 'Young', 1610612754, 0),
(201156, 'Nick Young', 'Nick ', 'Young', 1610612744, 0),
(201158, 'Marco Belinelli', 'Marco ', 'Belinelli', 1610612755, 0),
(201160, 'Jason Smith', 'Jason ', 'Smith', 1610612764, 0),
(201162, 'Jared Dudley', 'Jared ', 'Dudley', 1610612756, 0),
(201163, 'Wilson Chandler', 'Wilson ', 'Chandler', 1610612743, 0),
(201166, 'Aaron Brooks', 'aaron', 'brooks', 1610612750, 0),
(201167, 'Arron Afflalo', 'arron', 'afflalo', 1610612753, 0),
(201188, 'Marc Gasol', 'Marc ', 'Gasol', 1610612763, 0),
(201196, 'Ramon Sessions', 'Ramon ', 'Sessions', 1610612764, 0),
(201229, 'Anthony Tolliver', 'anthony', 'tolliver', 1610612765, 0),
(201281, 'Andre Ingram', 'andre', 'ingram', 1610612747, 0),
(201563, 'Michael Beasley', 'Michael ', 'Beasley', 1610612752, 0),
(201565, 'Derrick Rose', 'Derrick', 'Rose', 1610612750, 0),
(201566, 'Russell Westbrook', 'Russell ', 'Westbrook', 1610612760, 0),
(201567, 'Kevin Love', 'Kevin ', 'Love', 1610612739, 0),
(201568, 'Danilo Gallinari', 'Danilo', 'Gallinari', 1610612746, 0),
(201569, 'Eric Gordon', 'Eric', 'Gordon', 1610612745, 0),
(201571, 'D.J. Augustin', 'dj', 'augustin', 1610612753, 0),
(201572, 'Brook Lopez', 'Brook', 'Lopez', 1610612747, 0),
(201573, 'Jerryd Bayless', 'Jerryd ', 'Bayless', 1610612755, 0),
(201577, 'Robin Lopez', 'Robin ', 'Lopez', 1610612741, 0),
(201578, 'Marreese Speights', 'Marreese ', 'Speights', 1610612753, 0),
(201580, 'JaVale McGee', 'JaVale ', 'McGee', 1610612744, 0),
(201582, 'Alexis Ajinca', 'alexis', 'ajinca', 1610612740, 0),
(201583, 'Ryan Anderson', 'Ryan ', 'Anderson', 1610612745, 0),
(201584, 'Courtney Lee', 'Courtney', 'Lee', 1610612752, 0),
(201585, 'Kosta Koufos', 'Kosta ', 'Koufos', 1610612758, 0),
(201586, 'Serge Ibaka', 'Serge ', 'Ibaka', 1610612761, 0),
(201587, 'Nicolas Batum', 'Nicolas ', 'Batum', 1610612766, 0),
(201588, 'George Hill', 'George ', 'Hill', 1610612739, 0),
(201589, 'Darrell Arthur', 'Darrell', 'Arthur', 1610612743, 0),
(201596, 'Mario Chalmers', 'Mario ', 'Chalmers', 1610612763, 0),
(201599, 'DeAndre Jordan', 'DeAndre', 'Jordan', 1610612746, 0),
(201600, 'Omer Asik', 'Omer ', 'Asik', 1610612741, 0),
(201601, 'Luc Mbah a Moute', 'Luc ', 'Mbah_a_Moute', 1610612745, 0),
(201609, 'Goran Dragic', 'Goran ', 'Dragic', 1610612748, 0),
(201933, 'Blake Griffin', 'blake', 'griffin', 1610612765, 0),
(201935, 'James Harden', 'James ', 'Harden', 1610612745, 0),
(201936, 'Tyreke Evans', 'Tyreke ', 'Evans', 1610612763, 0),
(201937, 'Ricky Rubio', 'ricky', 'rubio', 1610612762, 0),
(201939, 'Stephen Curry', 'Stephen ', 'Curry', 1610612744, 0),
(201942, 'DeMar DeRozan', 'DeMar', 'DeRozan', 1610612761, 0),
(201943, 'Brandon Jennings', 'brandon', 'jennings', 1610612749, 0),
(201949, 'James Johnson', 'James ', 'Johnson', 1610612748, 0),
(201950, 'Jrue Holiday', 'Jrue ', 'Holiday', 1610612740, 0),
(201951, 'Ty Lawson', 'Ty ', 'Lawson', 1610612764, 0),
(201952, 'Jeff Teague', 'Jeff ', 'Teague', 1610612750, 0),
(201954, 'Darren Collison', 'Darren', 'Collison', 1610612754, 0),
(201959, 'Taj Gibson', 'Taj ', 'Gibson', 1610612750, 0),
(201960, 'DeMarre Carroll', 'DeMarre', 'Carroll', 1610612751, 0),
(201961, 'Wayne Ellington', 'Wayne ', 'Ellington', 1610612748, 0),
(201967, 'Dante Cunningham', 'Dante', 'Cunningham', 1610612751, 0),
(201973, 'Jonas Jerebko', 'Jonas ', 'Jerebko', 1610612762, 0),
(201975, 'Jodie Meeks', 'Jodie ', 'Meeks', 1610612764, 0),
(201976, 'Patrick Beverley', 'Patrick ', 'Beverley', 1610612746, 0),
(201980, 'Danny Green', 'Danny', 'Green', 1610612759, 0),
(201988, 'Patty Mills', 'Patty ', 'Mills', 1610612759, 0),
(202066, 'Garrett Temple', 'Garrett', 'Temple', 1610612758, 0),
(202083, 'Wesley Matthews', 'Wesley ', 'Matthews', 1610612742, 0),
(202322, 'John Wall', 'John ', 'Wall', 1610612764, 0),
(202323, 'Evan Turner', 'Evan', 'Turner', 1610612757, 0),
(202324, 'Derrick Favors', 'Derrick', 'Favors', 1610612762, 0),
(202325, 'Wesley Johnson', 'Wesley ', 'Johnson', 1610612746, 0),
(202326, 'DeMarcus Cousins', 'DeMarcus', 'Cousins', 1610612740, 0),
(202327, 'Ekpe Udoh', 'ekpe', 'udoh', 1610612762, 0),
(202328, 'Greg Monroe', 'Greg ', 'Monroe', 1610612738, 0),
(202329, 'Al-Farouq Aminu', 'al-farouq', 'aminu', 1610612757, 0),
(202330, 'Gordon Hayward', 'Gordon ', 'Hayward', 1610612738, 0),
(202331, 'Paul George', 'Paul ', 'George', 1610612760, 0),
(202332, 'Cole Aldrich', 'Cole', 'Aldrich', 1610612750, 0),
(202334, 'Ed Davis', 'ed', 'davis', 1610612757, 0),
(202335, 'Patrick Patterson', 'Patrick ', 'Patterson', 1610612760, 0),
(202337, 'Luke Babbitt', 'Luke ', 'Babbitt', 1610612748, 0),
(202339, 'Eric Bledsoe', 'Eric', 'Bledsoe', 1610612749, 0),
(202340, 'Avery Bradley', 'avery', 'bradley', 1610612746, 0),
(202344, 'Trevor Booker', 'Trevor ', 'Booker', 1610612754, 0),
(202348, 'Jordan Crawford', 'Jordan ', 'Crawford', 1610612740, 0),
(202355, 'Hassan Whiteside', 'Hassan ', 'Whiteside', 1610612748, 0),
(202357, 'Nemanja Bjelica', 'Nemanja ', 'Bjelica', 1610612750, 0),
(202362, 'Lance Stephenson', 'Lance ', 'Stephenson', 1610612754, 0),
(202379, 'Jeremy Evans', 'Jeremy ', 'Evans', 1610612737, 0),
(202389, 'Timofey Mozgov', 'Timofey ', 'Mozgov', 1610612751, 0),
(202391, 'Jeremy Lin', 'Jeremy ', 'Lin', 1610612751, 0),
(202397, 'Ish Smith', 'Ish ', 'Smith', 1610612765, 0),
(202498, 'Lance Thomas', 'Lance ', 'Thomas', 1610612752, 0),
(202681, 'Kyrie Irving', 'Kyrie ', 'Irving', 1610612738, 0),
(202683, 'Enes Kanter', 'Enes', 'Kanter', 1610612752, 0),
(202684, 'Tristan Thompson', 'Tristan ', 'Thompson', 1610612739, 0),
(202685, 'Jonas Valanciunas', 'Jonas ', 'Valanciunas', 1610612761, 0),
(202687, 'Bismack Biyombo', 'bismack', 'biyombo', 1610612753, 0),
(202688, 'Brandon Knight', 'Brandon', 'Knight', 1610612756, 0),
(202689, 'Kemba Walker', 'Kemba ', 'Walker', 1610612766, 0),
(202691, 'Klay Thompson', 'Klay ', 'Thompson', 1610612744, 0),
(202692, 'Alec Burks', 'alec', 'burks', 1610612762, 0),
(202693, 'Markieff Morris', 'Markieff ', 'Morris', 1610612764, 0),
(202694, 'Marcus Morris', 'Marcus ', 'Morris', 1610612738, 0),
(202695, 'Kawhi Leonard', 'Kawhi ', 'Leonard', 1610612759, 0),
(202696, 'Nikola Vucevic', 'Nikola ', 'Vucevic', 1610612753, 0),
(202697, 'Iman Shumpert', 'Iman ', 'Shumpert', 1610612758, 0),
(202699, 'Tobias Harris', 'Tobias ', 'Harris', 1610612746, 0),
(202702, 'Kenneth Faried', 'Kenneth ', 'Faried', 1610612743, 0),
(202703, 'Nikola Mirotic', 'Nikola ', 'Mirotic', 1610612740, 0),
(202704, 'Reggie Jackson', 'Reggie ', 'Jackson', 1610612765, 0),
(202705, 'MarShon Brooks', 'MarShon ', 'Brooks', 1610612763, 0),
(202709, 'Cory Joseph', 'Cory', 'Joseph', 1610612754, 0),
(202710, 'Jimmy Butler', 'Jimmy ', 'Butler', 1610612750, 0),
(202711, 'Bojan Bogdanovic', 'bojan', 'bogdanovic', 1610612754, 0),
(202713, 'Kyle Singler', 'Kyle ', 'Singler', 1610612760, 0),
(202714, 'Shelvin Mack', 'Shelvin ', 'Mack', 1610612753, 0),
(202718, 'Chandler Parsons', 'Chandler', 'Parsons', 1610612763, 0),
(202720, 'Jon Leuer', 'Jon ', 'Leuer', 1610612765, 0),
(202722, 'Davis Bertans', 'Davis', 'Bertans', 1610612759, 0),
(202732, 'DeAndre Liggins', 'DeAndre', 'Liggins', 1610612740, 0),
(202738, 'Isaiah Thomas', 'Isaiah ', 'Thomas', 1610612747, 0),
(202779, 'Dwight Buycks', 'Dwight', 'Buycks', 1610612765, 0),
(202918, 'Xavier Silas', 'Xavier ', 'Silas', 1610612738, 0),
(202933, 'Julyan Stone', 'Julyan ', 'Stone', 1610612766, 0),
(203076, 'Anthony Davis', 'anthony', 'davis', 1610612740, 0),
(203077, 'Michael Kidd-Gilchrist', 'Michael ', 'Kidd-Gilchrist', 1610612766, 0),
(203078, 'Bradley Beal', 'bradley', 'beal', 1610612764, 0),
(203079, 'Dion Waiters', 'Dion', 'Waiters', 1610612748, 0),
(203081, 'Damian Lillard', 'Damian', 'Lillard', 1610612757, 0),
(203082, 'Terrence Ross', 'Terrence ', 'Ross', 1610612753, 0),
(203083, 'Andre Drummond', 'andre', 'drummond', 1610612765, 0),
(203084, 'Harrison Barnes', 'Harrison ', 'Barnes', 1610612742, 0),
(203085, 'Austin Rivers', 'austin', 'rivers', 1610612746, 0),
(203086, 'Meyers Leonard', 'Meyers ', 'Leonard', 1610612757, 0),
(203087, 'Jeremy Lamb', 'Jeremy ', 'Lamb', 1610612766, 0),
(203089, 'John Henson', 'John ', 'Henson', 1610612749, 0),
(203090, 'Maurice Harkless', 'Maurice ', 'Harkless', 1610612757, 0),
(203092, 'Tyler Zeller', 'Tyler ', 'Zeller', 1610612749, 0),
(203095, 'Evan Fournier', 'Evan', 'Fournier', 1610612753, 0),
(203101, 'Miles Plumlee', 'Miles ', 'Plumlee', 1610612737, 0),
(203104, 'Marquis Teague', 'Marquis ', 'Teague', 1610612763, 0),
(203107, 'Tomas Satoransky', 'Tomas ', 'Satoransky', 1610612764, 0),
(203109, 'Jae Crowder', 'Jae ', 'Crowder', 1610612762, 0),
(203110, 'Draymond Green', 'Draymond', 'Green', 1610612744, 0),
(203112, 'Quincy Acy', 'Quincy ', 'Acy', 1610612751, 0),
(203114, 'Khris Middleton', 'Khris ', 'Middleton', 1610612749, 0),
(203115, 'Will Barton', 'Will ', 'Barton', 1610612743, 0),
(203118, 'Mike Scott', 'Mike ', 'Scott', 1610612764, 0),
(203121, 'Darius Miller', 'Darius', 'Miller', 1610612740, 0),
(203145, 'Kent Bazemore', 'Kent ', 'Bazemore', 1610612737, 0),
(203200, 'Justin Holiday', 'Justin ', 'Holiday', 1610612741, 0),
(203210, 'JaMychal Green', 'JaMychal ', 'Green', 1610612763, 0),
(203382, 'Aron Baynes', 'aron', 'baynes', 1610612738, 0),
(203457, 'Nerlens Noel', 'Nerlens ', 'Noel', 1610612742, 0),
(203458, 'Alex Len', 'alex', 'len', 1610612756, 0),
(203459, 'Allen Crabbe', 'allen', 'crabbe', 1610612751, 0),
(203460, 'Andre Roberson', 'andre', 'roberson', 1610612760, 0),
(203463, 'Ben McLemore', 'ben', 'mclemore', 1610612763, 0),
(203464, 'Brandon Paul', 'Brandon', 'Paul', 1610612759, 0),
(203468, 'CJ McCollum', 'CJ', 'McCollum', 1610612757, 0),
(203469, 'Cody Zeller', 'Cody', 'Zeller', 1610612766, 0),
(203471, 'Dennis Schroder', 'Dennis', 'Schroder', 1610612737, 0),
(203473, 'Dewayne Dedmon', 'Dewayne', 'Dedmon', 1610612737, 0),
(203476, 'Gorgui Dieng', 'Gorgui ', 'Dieng', 1610612750, 0),
(203482, 'Kelly Olynyk', 'Kelly ', 'Olynyk', 1610612748, 0),
(203484, 'Kentavious Caldwell-Pope', 'Kentavious ', 'Caldwell-Pope', 1610612747, 0),
(203485, 'Lorenzo Brown', 'Lorenzo ', 'Brown', 1610612761, 0),
(203486, 'Mason Plumlee', 'Mason ', 'Plumlee', 1610612743, 0),
(203487, 'Michael Carter-Williams', 'Michael ', 'Carter-Williams', 1610612766, 0),
(203488, 'Mike Muscala', 'Mike ', 'Muscala', 1610612737, 0),
(203490, 'Otto Porter Jr.', 'Otto ', 'Porter_jr', 1610612764, 0),
(203493, 'Reggie Bullock', 'Reggie ', 'Bullock', 1610612765, 0),
(203496, 'Robert Covington', 'Robert ', 'Covington', 1610612755, 0),
(203497, 'Rudy Gobert', 'Rudy ', 'Gobert', 1610612762, 0),
(203498, 'Shabazz Muhammad', 'Shabazz ', 'Muhammad', 1610612749, 0),
(203499, 'Shane Larkin', 'Shane ', 'Larkin', 1610612738, 0),
(203500, 'Steven Adams', 'Steven ', 'Adams', 1610612760, 0),
(203501, 'Tim Hardaway Jr.', 'Tim ', 'Hardaway_jr', 1610612752, 0),
(203503, 'Tony Snell', 'Tony ', 'Snell', 1610612749, 0),
(203504, 'Trey Burke', 'Trey ', 'Burke', 1610612752, 0),
(203506, 'Victor Oladipo', 'Victor ', 'Oladipo', 1610612754, 0),
(203507, 'Giannis Antetokounmpo', 'Giannis ', 'Antetokounmpo', 1610612749, 0),
(203512, 'Lucas Nogueira', 'Lucas ', 'Nogueira', 1610612761, 0),
(203516, 'James Ennis III', 'James ', 'ennis_iii', 1610612765, 0),
(203518, 'Alex Abrines', 'alex', 'abrines', 1610612760, 0),
(203521, 'Matthew Dellavedova', 'Matthew ', 'Dellavedova', 1610612749, 0),
(203524, 'Solomon Hill', 'Solomon ', 'Hill', 1610612740, 0),
(203526, 'Raul Neto', 'Raul ', 'Neto', 1610612762, 0),
(203530, 'Joffrey Lauvergne', 'Joffrey ', 'Lauvergne', 1610612759, 0),
(203546, 'Ian Clark', 'Ian ', 'Clark', 1610612740, 0),
(203552, 'Seth Curry', 'Seth ', 'Curry', 1610612742, 0),
(203580, 'Larry Drew II', 'Larry ', 'drew_ii', 1610612740, 0),
(203584, 'Troy Daniels', 'Troy ', 'Daniels', 1610612756, 0),
(203585, 'Rodney McGruder', 'Rodney ', 'McGruder', 1610612748, 0),
(203613, 'Jonathon Simmons', 'Jonathon ', 'Simmons', 1610612753, 0),
(203687, 'Reggie Hearn', 'Reggie ', 'Hearn', 1610612765, 0),
(203705, 'Josh Magette', 'Josh ', 'Magette', 1610612737, 0),
(203710, 'C.J. Williams', 'cj', 'Williams', 1610612746, 0),
(203894, 'Shabazz Napier', 'Shabazz ', 'Napier', 1610612757, 0),
(203897, 'Zach LaVine', 'Zach ', 'LaVine', 1610612741, 0),
(203898, 'Tyler Ennis', 'Tyler ', 'Ennis', 1610612747, 0),
(203900, 'Markel Brown', 'Markel ', 'Brown', 1610612745, 0),
(203901, 'Elfrid Payton', 'elfrid', 'payton', 1610612756, 0),
(203903, 'Jordan Clarkson', 'Jordan ', 'Clarkson', 1610612739, 0),
(203912, 'CJ Wilcox', 'CJ', 'Wilcox', 1610612757, 0),
(203914, 'Gary Harris', 'Gary ', 'Harris', 1610612743, 0),
(203915, 'Spencer Dinwiddie', 'Spencer ', 'Dinwiddie', 1610612751, 0),
(203917, 'Nik Stauskas', 'Nik ', 'Stauskas', 1610612751, 0),
(203918, 'Rodney Hood', 'Rodney ', 'Hood', 1610612739, 0),
(203920, 'Khem Birch', 'Khem ', 'Birch', 1610612753, 0),
(203922, 'Glenn Robinson III', 'Glenn ', 'Robinson_iii', 1610612754, 0),
(203924, 'Jerami Grant', 'Jerami ', 'Grant', 1610612760, 0),
(203925, 'Joe Harris', 'Joe ', 'Harris', 1610612751, 0),
(203926, 'Doug McDermott', 'Doug', 'McDermott', 1610612742, 0),
(203930, 'Sean Kilpatrick', 'Sean ', 'Kilpatrick', 1610612741, 0),
(203932, 'Aaron Gordon', 'aaron', 'gordon', 1610612753, 0),
(203933, 'TJ Warren', 'TJ ', 'Warren', 1610612756, 0),
(203935, 'Marcus Smart', 'Marcus ', 'Smart', 1610612738, 0),
(203937, 'Kyle Anderson', 'Kyle ', 'Anderson', 1610612759, 0),
(203939, 'Dwight Powell', 'Dwight', 'Powell', 1610612742, 0),
(203943, 'Noah Vonleh', 'Noah ', 'Vonleh', 1610612741, 0),
(203944, 'Julius Randle', 'Julius ', 'Randle', 1610612747, 0),
(203952, 'Andrew Wiggins', 'andrew', 'wiggins', 1610612750, 0),
(203953, 'Jabari Parker', 'Jabari ', 'Parker', 1610612749, 0),
(203954, 'Joel Embiid', 'Joel ', 'Embiid', 1610612755, 0),
(203957, 'Dante Exum', 'Dante', 'Exum', 1610612762, 0),
(203960, 'JaKarr Sampson', 'JaKarr ', 'Sampson', 1610612758, 0),
(203961, 'Eric Moreland', 'Eric', 'Moreland', 1610612765, 0),
(203962, 'Josh Huestis', 'Josh ', 'Huestis', 1610612760, 0),
(203967, 'Dario Saric', 'Dario', 'Saric', 1610612755, 0),
(203991, 'Clint Capela', 'Clint', 'Capela', 1610612745, 0),
(203992, 'Bogdan Bogdanovic', 'bogdan', 'bogdanovic', 1610612758, 0),
(203994, 'Jusuf Nurkic', 'Jusuf ', 'Nurkic', 1610612757, 0),
(203998, 'Bruno Caboclo', 'Bruno', 'Caboclo', 1610612758, 0),
(203999, 'Nikola Jokic', 'Nikola ', 'Jokic', 1610612743, 0),
(204001, 'Kristaps Porzingis', 'Kristaps ', 'Porzingis', 1610612752, 0),
(204020, 'Tyler Johnson', 'Tyler ', 'Johnson', 1610612748, 0),
(204022, 'Jack Cooley', 'Jack ', 'Cooley', 1610612758, 0),
(204025, 'Tim Frazier', 'Tim ', 'Frazier', 1610612764, 0),
(204028, 'Tarik Black', 'Tarik ', 'Black', 1610612745, 0),
(204037, 'Travis Wear', 'Travis ', 'Wear', 1610612747, 0),
(204038, 'Langston Galloway', 'Langston ', 'Galloway', 1610612765, 0),
(204060, 'Joe Ingles', 'Joe ', 'Ingles', 1610612762, 0),
(204065, 'David Stockton', 'David', 'Stockton', 1610612762, 0),
(204067, 'Jarell Eddie', 'Jarell ', 'Eddie', 1610612741, 0),
(204098, 'Xavier Munford', 'Xavier ', 'Munford', 1610612749, 0),
(204179, 'Omari Johnson', 'Omari ', 'Johnson', 1610612763, 0),
(204456, 'T.J. McConnell', 'tj', 'mcconnell', 1610612755, 0),
(1626143, 'Jahlil Okafor', 'Jahlil ', 'Okafor', 1610612751, 0),
(1626144, 'Emmanuel Mudiay', 'Emmanuel', 'Mudiay', 1610612752, 0),
(1626145, 'Tyus Jones', 'Tyus ', 'Jones', 1610612750, 0),
(1626147, 'Justin Anderson', 'Justin ', 'Anderson', 1610612755, 0),
(1626148, 'Anthony Brown', 'anthony', 'brown', 1610612750, 0),
(1626149, 'Montrezl Harrell', 'Montrezl ', 'Harrell', 1610612746, 0),
(1626150, 'Andrew Harrison', 'andrew', 'harrison', 1610612763, 0),
(1626151, 'Aaron Harrison', 'aaron', 'harrison', 1610612742, 0),
(1626153, 'Delon Wright', 'Delon', 'Wright', 1610612761, 0),
(1626154, 'RJ Hunter', 'RJ ', 'Hunter', 1610612745, 0),
(1626155, 'Sam Dekker', 'Sam ', 'Dekker', 1610612746, 0),
(1626157, 'Karl-Anthony Towns', 'Karl-Anthony', 'Towns', 1610612750, 0),
(1626158, 'Richaun Holmes', 'Richaun ', 'Holmes', 1610612755, 0),
(1626159, 'Justise Winslow', 'Justise ', 'Winslow', 1610612748, 0),
(1626161, 'Willie Cauley-Stein', 'Willie ', 'Cauley-Stein', 1610612758, 0),
(1626162, 'Kelly Oubre Jr.', 'Kelly', 'Oubre_Jr', 1610612764, 0),
(1626163, 'Frank Kaminsky', 'Frank', 'Kaminsky', 1610612766, 0),
(1626164, 'Devin Booker', 'Devin', 'Booker', 1610612756, 0),
(1626166, 'Cameron Payne', 'Cameron', 'Payne', 1610612741, 0),
(1626167, 'Myles Turner', 'Myles ', 'Turner', 1610612754, 0),
(1626168, 'Trey Lyles', 'Trey ', 'Lyles', 1610612743, 0),
(1626169, 'Stanley Johnson', 'Stanley ', 'Johnson', 1610612765, 0),
(1626170, 'Jerian Grant', 'Jerian ', 'Grant', 1610612741, 0),
(1626171, 'Bobby Portis', 'bobby', 'portis', 1610612741, 0),
(1626172, 'Kevon Looney', 'Kevon ', 'Looney', 1610612744, 0),
(1626175, 'Jordan Mickey', 'Jordan ', 'Mickey', 1610612748, 0),
(1626177, 'Dakari Johnson', 'Dakari', 'Johnson', 1610612760, 0),
(1626178, 'Rondae Hollis-Jefferson', 'Rondae ', 'Hollis-Jefferson', 1610612751, 0),
(1626179, 'Terry Rozier', 'Terry ', 'Rozier', 1610612738, 0),
(1626181, 'Norman Powell', 'Norman ', 'Powell', 1610612761, 0),
(1626185, 'Jarell Martin', 'Jarell ', 'Martin', 1610612763, 0),
(1626188, 'Quinn Cook', 'Quinn ', 'Cook', 1610612744, 0),
(1626191, 'Chris McCullough', 'Chris', 'McCullough', 1610612764, 0),
(1626192, 'Pat Connaughton', 'Pat ', 'Connaughton', 1610612757, 0),
(1626195, 'Willy Hernangomez', 'Willy ', 'Hernangomez', 1610612766, 0),
(1626196, 'Josh Richardson', 'Josh ', 'Richardson', 1610612748, 0),
(1626199, 'Darrun Hilliard', 'Darrun', 'Hilliard', 1610612759, 0),
(1626202, 'Joe Young', 'Joe ', 'Young', 1610612754, 0),
(1626203, 'Treveon Graham', 'Treveon ', 'Graham', 1610612766, 0),
(1626204, 'Larry Nance Jr.', 'Larry ', 'nance_jr', 1610612739, 0),
(1626209, 'Mario Hezonja', 'Mario ', 'Hezonja', 1610612753, 0),
(1626210, 'Alan Williams', 'alan', 'williams', 1610612756, 0),
(1626224, 'Cedi Osman', 'Cedi', 'Osman', 1610612739, 0),
(1626245, 'Cristiano Felicio', 'Cristiano', 'Felicio', 1610612741, 0),
(1626246, 'Boban Marjanovic', 'boban', 'marjanovic', 1610612746, 0),
(1626257, 'Salah Mejri', 'Salah ', 'Mejri', 1610612742, 0),
(1626259, 'Malcolm Miller', 'Malcolm ', 'Miller', 1610612761, 0),
(1626780, 'Jonathan Gibson', 'Jonathan ', 'Gibson', 1610612738, 0),
(1627098, 'Malcolm Delaney', 'Malcolm ', 'Delaney', 1610612737, 0),
(1627362, 'Briante Weber', 'Briante', 'Weber', 1610612763, 0),
(1627732, 'Ben Simmons', 'ben', 'simmons', 1610612755, 0),
(1627733, 'Dragan Bender', 'Dragan', 'Bender', 1610612756, 0),
(1627734, 'Domantas Sabonis', 'Domantas', 'Sabonis', 1610612754, 0),
(1627735, 'Wade Baldwin IV', 'Wade ', 'baldwin_iv', 1610612757, 0),
(1627736, 'Malik Beasley', 'Malik ', 'Beasley', 1610612743, 0),
(1627737, 'Marquese Chriss', 'Marquese ', 'Chriss', 1610612756, 0),
(1627738, 'Deyonta Davis', 'Deyonta', 'Davis', 1610612763, 0),
(1627739, 'Kris Dunn', 'Kris ', 'Dunn', 1610612741, 0),
(1627740, 'Henry Ellenson', 'Henry ', 'Ellenson', 1610612765, 0),
(1627741, 'Buddy Hield', 'Buddy', 'Hield', 1610612758, 0),
(1627742, 'Brandon Ingram', 'brandon', 'ingram', 1610612747, 0),
(1627743, 'Demetrius Jackson', 'Demetrius', 'Jackson', 1610612755, 0),
(1627745, 'Damian Jones', 'Damian', 'Jones', 1610612744, 0),
(1627746, 'Skal Labissiere', 'Skal ', 'Labissiere', 1610612758, 0),
(1627747, 'Caris LeVert', 'Caris', 'LeVert', 1610612751, 0),
(1627748, 'Thon Maker', 'Thon ', 'Maker', 1610612749, 0),
(1627749, 'Dejounte Murray', 'Dejounte', 'Murray', 1610612759, 0),
(1627750, 'Jamal Murray', 'Jamal ', 'Murray', 1610612743, 0),
(1627751, 'Jakob Poeltl', 'Jakob ', 'Poeltl', 1610612761, 0),
(1627752, 'Taurean Prince', 'Taurean ', 'Prince', 1610612737, 0),
(1627753, 'Zhou Qi', 'Zhou ', 'Qi', 1610612745, 0),
(1627755, 'Tyler Ulis', 'Tyler ', 'Ulis', 1610612756, 0),
(1627756, 'Denzel Valentine', 'Denzel', 'Valentine', 1610612741, 0),
(1627758, 'Ron Baker', 'Ron ', 'Baker', 1610612752, 0),
(1627759, 'Jaylen Brown', 'Jaylen ', 'Brown', 1610612738, 0),
(1627763, 'Malcolm Brogdon', 'Malcolm ', 'Brogdon', 1610612749, 0),
(1627767, 'Cheick Diallo', 'Cheick', 'Diallo', 1610612740, 0),
(1627770, 'Kay Felder', 'Kay ', 'Felder', 1610612765, 0),
(1627772, 'Daniel Hamilton', 'Daniel', 'Hamilton', 1610612760, 0),
(1627774, 'Jake Layman', 'Jake ', 'Layman', 1610612757, 0),
(1627775, 'Patrick McCaw', 'Patrick ', 'McCaw', 1610612744, 0),
(1627777, 'Georges Niang', 'Georges ', 'Niang', 1610612762, 0),
(1627778, 'Chinanu Onuaku', 'Chinanu', 'Onuaku', 1610612745, 0),
(1627779, 'Marcus Paige', 'Marcus ', 'Paige', 1610612766, 0),
(1627780, 'Gary Payton II', 'Gary ', 'Payton_ii', 1610612747, 0),
(1627781, 'Malachi Richardson', 'Malachi ', 'Richardson', 1610612761, 0),
(1627782, 'Wayne Selden', 'Wayne ', 'Selden', 1610612763, 0),
(1627783, 'Pascal Siakam', 'Pascal ', 'Siakam', 1610612761, 0),
(1627785, 'Isaiah Whitehead', 'Isaiah ', 'Whitehead', 1610612751, 0),
(1627786, 'Troy Williams', 'Troy ', 'Williams', 1610612752, 0),
(1627788, 'Furkan Korkmaz', 'Furkan', 'Korkmaz', 1610612755, 0),
(1627789, 'Timothe Luwawu-Cabarrot', 'Timothe ', 'Luwawu-Cabarrot', 1610612755, 0),
(1627790, 'Ante Zizic', 'ante', 'zizic', 1610612739, 0),
(1627812, 'Yogi Ferrell', 'Yogi ', 'Ferrell', 1610612742, 0),
(1627814, 'Damion Lee', 'Damion', 'Lee', 1610612737, 0),
(1627816, 'Alex Poythress', 'alex', 'poythress', 1610612754, 0),
(1627819, 'Isaiah Taylor', 'Isaiah ', 'Taylor', 1610612737, 0),
(1627820, 'Tyrone Wallace', 'Tyrone ', 'Wallace', 1610612746, 0),
(1627821, 'James Webb III', 'James ', 'webb_iii', 1610612751, 0),
(1627823, 'Juancho Hernangomez', 'Juancho ', 'Hernangomez', 1610612743, 0),
(1627824, 'Guerschon Yabusele', 'Guerschon ', 'Yabusele', 1610612738, 0),
(1627826, 'Ivica Zubac', 'Ivica ', 'Zubac', 1610612747, 0),
(1627827, 'Dorian Finney-Smith', 'Dorian', 'Finney-Smith', 1610612742, 0),
(1627832, 'Fred VanVleet', 'Fred', 'VanVleet', 1610612761, 0),
(1627834, 'Georgios Papagiannis', 'Georgios ', 'Papagiannis', 1610612757, 0),
(1627835, 'Paul Zipser', 'Paul ', 'Zipser', 1610612741, 0),
(1627846, 'Abdel Nader', 'abdel', 'nader', 1610612738, 0),
(1627850, 'Marshall Plumlee', 'Marshall ', 'Plumlee', 1610612749, 0),
(1627853, 'Ryan Arcidiacono', 'Ryan ', 'Arcidiacono', 1610612741, 0),
(1627854, 'Bryn Forbes', 'Bryn', 'Forbes', 1610612759, 0),
(1627855, 'Okaro White', 'Okaro ', 'White', 1610612739, 0),
(1627856, 'Matt Costello', 'Matt ', 'Costello', 1610612759, 0),
(1627858, 'Kyle Collinsworth', 'Kyle ', 'Collinsworth', 1610612742, 0),
(1627863, 'Danuel House', 'Danuel', 'House', 1610612756, 0),
(1627875, 'Marcus Georges-Hunt', 'Marcus ', 'Georges-Hunt', 1610612750, 0),
(1627883, 'Jalen Jones', 'Jalen ', 'Jones', 1610612742, 0),
(1627884, 'Derrick Jones Jr.', 'Derrick', 'jones_jr', 1610612748, 0),
(1627885, 'Shaquille Harrison', 'Shaquille ', 'Harrison', 1610612756, 0),
(1627936, 'Alex Caruso', 'alex', 'caruso', 1610612747, 0),
(1627988, 'Myke Henry', 'Myke ', 'Henry', 1610612763, 0),
(1628021, 'David Nwaba', 'David', 'Nwaba', 1610612741, 0),
(1628035, 'Alfonzo McKinnie', 'alfonzo', 'mckinnie', 1610612761, 0),
(1628365, 'Markelle Fultz', 'Markelle ', 'Fultz', 1610612755, 0),
(1628366, 'Lonzo Ball', 'Lonzo ', 'Ball', 1610612747, 0),
(1628367, 'Josh Jackson', 'Josh ', 'Jackson', 1610612756, 0),
(1628369, 'Jayson Tatum', 'Jayson ', 'Tatum', 1610612738, 0),
(1628370, 'Malik Monk', 'Malik ', 'Monk', 1610612766, 0),
(1628371, 'Jonathan Isaac', 'Jonathan ', 'Isaac', 1610612753, 0),
(1628372, 'Dennis Smith Jr.', 'Dennis', 'smith_jr', 1610612742, 0),
(1628373, 'Frank Ntilikina', 'Frank', 'Ntilikina', 1610612752, 0),
(1628374, 'Lauri Markkanen', 'Lauri ', 'Markkanen', 1610612741, 0),
(1628378, 'Donovan Mitchell', 'Donovan', 'Mitchell', 1610612762, 0),
(1628379, 'Luke Kennard', 'Luke ', 'Kennard', 1610612765, 0),
(1628380, 'Zach Collins', 'Zach ', 'Collins', 1610612757, 0),
(1628381, 'John Collins', 'John ', 'Collins', 1610612737, 0),
(1628382, 'Justin Jackson', 'Justin ', 'Jackson', 1610612758, 0),
(1628383, 'Justin Patton', 'Justin ', 'Patton', 1610612750, 0),
(1628384, 'OG Anunoby', 'OG ', 'Anunoby', 1610612761, 0),
(1628385, 'Harry Giles III', 'Harry ', 'giles_iii', 1610612758, 0),
(1628386, 'Jarrett Allen', 'Jarrett ', 'Allen', 1610612751, 0),
(1628387, 'Ike Anigbogu', 'Ike ', 'Anigbogu', 1610612754, 0),
(1628388, 'TJ Leaf', 'TJ ', 'Leaf', 1610612754, 0),
(1628389, 'Bam Adebayo', 'bam', 'adebayo', 1610612748, 0),
(1628390, 'Terrance Ferguson', 'Terrance ', 'Ferguson', 1610612760, 0),
(1628391, 'D.J. Wilson', 'dj', 'wilson', 1610612749, 0),
(1628393, 'Jawun Evans', 'Jawun ', 'Evans', 1610612746, 0),
(1628395, 'Jordan Bell', 'Jordan ', 'Bell', 1610612744, 0),
(1628396, 'Tony Bradley', 'Tony ', 'Bradley', 1610612762, 0),
(1628397, 'Ivan Rabb', 'Ivan ', 'Rabb', 1610612763, 0),
(1628398, 'Kyle Kuzma', 'Kyle ', 'Kuzma', 1610612747, 0),
(1628399, 'Tyler Lydon', 'Tyler ', 'Lydon', 1610612743, 0),
(1628400, 'Semi Ojeleye', 'Semi ', 'Ojeleye', 1610612738, 0),
(1628401, 'Derrick White', 'Derrick', 'White', 1610612759, 0),
(1628402, 'Frank Jackson', 'Frank ', 'Jackson', 1610612740, 0),
(1628403, 'Caleb Swanigan', 'Caleb', 'Swanigan', 1610612757, 0),
(1628404, 'Josh Hart', 'Josh ', 'Hart', 1610612747, 0),
(1628405, 'Johnathan Motley', 'Johnathan ', 'Motley', 1610612742, 0),
(1628407, 'Dwayne Bacon', 'Dwayne', 'Bacon', 1610612766, 0),
(1628408, 'PJ Dozier', 'PJ ', 'Dozier', 1610612760, 0),
(1628409, 'Alec Peters', 'alec', 'peters', 1610612756, 0),
(1628410, 'Edmond Sumner', 'edmon', 'sumner', 1610612754, 0),
(1628411, 'Wes Iwundu', 'Wes ', 'Iwundu', 1610612753, 0),
(1628412, 'Frank Mason', 'Frank', 'Mason', 1610612758, 0),
(1628414, 'Sindarius Thornwell', 'Sindarius ', 'Thornwell', 1610612746, 0),
(1628415, 'Dillon Brooks', 'Dillon', 'Brooks', 1610612763, 0),
(1628416, 'Tyler Dorsey', 'Tyler ', 'Dorsey', 1610612737, 0),
(1628418, 'Thomas Bryant', 'Thomas ', 'Bryant', 1610612747, 0),
(1628420, 'Monte Morris', 'Monte ', 'Morris', 1610612743, 0),
(1628421, 'Devin Robinson', 'Devin', 'Robinson', 1610612764, 0),
(1628422, 'Damyean Dotson', 'Damyean', 'Dotson', 1610612752, 0),
(1628424, 'Kobi Simmons', 'Kobi ', 'Simmons', 1610612763, 0),
(1628425, 'Sterling Brown', 'Sterling ', 'Brown', 1610612749, 0),
(1628429, 'Charles Cooke', 'Charles', 'Cooke', 1610612740, 0),
(1628432, 'Davon Reed', 'Davon', 'Reed', 1610612756, 0),
(1628436, 'Luke Kornet', 'Luke ', 'Kornet', 1610612752, 0),
(1628439, 'Isaiah Hicks', 'Isaiah ', 'Hicks', 1610612752, 0),
(1628443, 'Kadeem Allen', 'Kadeem ', 'Allen', 1610612738, 0),
(1628444, 'Jabari Bird', 'Jabari ', 'Bird', 1610612738, 0),
(1628449, 'Chris Boucher', 'Chris', 'Boucher', 1610612744, 0),
(1628462, 'Milos Teodosic', 'Milos ', 'Teodosic', 1610612746, 0),
(1628463, 'Tyler Cavanaugh', 'Tyler ', 'Cavanaugh', 1610612737, 0),
(1628464, 'Daniel Theis', 'Daniel', 'Theis', 1610612738, 0),
(1628467, 'Maxi Kleber', 'Maxi ', 'Kleber', 1610612742, 0),
(1628469, 'Antonio Blakeney', 'antonio', 'blakeney', 1610612741, 0),
(1628470, 'Torrey Craig', 'Torrey ', 'Craig', 1610612743, 0),
(1628476, 'Derrick Walton Jr.', 'Derrick', 'walton_jr', 1610612748, 0),
(1628493, 'Mangok Mathiang', 'Mangok ', 'Mathiang', 1610612766, 0),
(1628495, 'Milton Doyle', 'Milton ', 'Doyle', 1610612751, 0),
(1628499, 'Antonius Cleveland', 'antonius', 'cleveland', 1610612737, 0),
(1628500, 'Ben Moore', 'ben', 'moore', 1610612754, 0),
(1628502, 'Nigel Hayes', 'Nigel ', 'Hayes', 1610612758, 0),
(1628503, 'Jamel Artis', 'Jamel ', 'Artis', 1610612753, 0),
(1628510, 'Andrew White III', 'andrew', 'white-iii', 1610612737, 0),
(1628518, 'Amile Jefferson', 'amile', 'jefferson', 1610612750, 0),
(1628537, 'Jaylen Morris', 'Jaylen ', 'Morris', 1610612737, 0),
(1628571, 'Erik McCree', 'Erik', 'McCree', 1610612762, 0),
(1628681, 'Rodney Purvis', 'Rodney ', 'Purvis', 1610612753, 0),
(1628935, 'Aaron Jackson', 'aaron', 'jackson', 1610612745, 0);

-- --------------------------------------------------------

--
-- Estructura de tabla para la tabla `paises`
--

CREATE TABLE IF NOT EXISTS `paises` (
  `id_pais` int(11) NOT NULL AUTO_INCREMENT,
  `iso` char(2) COLLATE utf8_bin NOT NULL,
  `nombre` varchar(80) COLLATE utf8_bin NOT NULL,
  `nombrebonitoingles` varchar(80) COLLATE utf8_bin NOT NULL,
  `nombrebonitoespanol` varchar(80) COLLATE utf8_bin NOT NULL,
  `iso3` char(3) COLLATE utf8_bin DEFAULT NULL,
  `numcode` smallint(6) DEFAULT NULL,
  `codigotelefonico` int(5) NOT NULL,
  `latitudCapital` float NOT NULL,
  `longitudCapital` float NOT NULL,
  PRIMARY KEY (`id_pais`),
  UNIQUE KEY `id_pais` (`id_pais`)
) ENGINE=InnoDB AUTO_INCREMENT=240 DEFAULT CHARSET=utf8 COLLATE=utf8_bin;

--
-- Volcado de datos para la tabla `paises`
--

INSERT INTO `paises` (`id_pais`, `iso`, `nombre`, `nombrebonitoingles`, `nombrebonitoespanol`, `iso3`, `numcode`, `codigotelefonico`, `latitudCapital`, `longitudCapital`) VALUES
(1, 'AF', 'AFGHANISTAN', 'Afghanistan', 'Afganistán', 'AFG', 4, 93, 34.5755, 69.2401),
(2, 'AL', 'ALBANIA', 'Albania', 'Albania', 'ALB', 8, 355, 41.3275, 19.8187),
(3, 'DZ', 'ALGERIA', 'Algeria', 'Algeria', 'DZA', 12, 213, 36.7529, 3.04205),
(4, 'AS', 'AMERICAN SAMOA', 'American Samoa', 'Samoa Americana', 'ASM', 16, 1684, -14.2756, -170.702),
(5, 'AD', 'ANDORRA', 'Andorra', 'Andorra', 'AND', 20, 376, 42.5063, 1.52183),
(6, 'AO', 'ANGOLA', 'Angola', 'Angola', 'AGO', 24, 244, -8.83999, 13.2894),
(7, 'AI', 'ANGUILLA', 'Anguilla', 'Anguila', 'AIA', 660, 1264, 18.2148, -63.0574),
(8, 'AQ', 'ANTARCTICA', 'Antarctica', 'Antártida', NULL, NULL, 0, -90, 0),
(9, 'AG', 'ANTIGUA AND BARBUDA', 'Antigua and Barbuda', 'Antigua y Barbuda', 'ATG', 28, 1268, 17.1274, -61.8468),
(10, 'AR', 'ARGENTINA', 'Argentina', 'Argentina', 'ARG', 32, 54, 0, 0),
(11, 'AM', 'ARMENIA', 'Armenia', 'Armenia', 'ARM', 51, 374, 0, 0),
(12, 'AW', 'ARUBA', 'Aruba', 'Aruba', 'ABW', 533, 297, 0, 0),
(13, 'AU', 'AUSTRALIA', 'Australia', 'Australia', 'AUS', 36, 61, 0, 0),
(14, 'AT', 'AUSTRIA', 'Austria', 'Austria', 'AUT', 40, 43, 0, 0),
(15, 'AZ', 'AZERBAIJAN', 'Azerbaijan', 'Azerbaiyán', 'AZE', 31, 994, 0, 0),
(16, 'BS', 'BAHAMAS', 'Bahamas', 'Bahamas', 'BHS', 44, 1242, 0, 0),
(17, 'BH', 'BAHRAIN', 'Bahrain', 'Bahréin', 'BHR', 48, 973, 0, 0),
(18, 'BD', 'BANGLADESH', 'Bangladesh', 'Bangladesh', 'BGD', 50, 880, 0, 0),
(19, 'BB', 'BARBADOS', 'Barbados', 'Barbados', 'BRB', 52, 1246, 0, 0),
(20, 'BY', 'BELARUS', 'Belarus', 'Bielorrusia', 'BLR', 112, 375, 0, 0),
(21, 'BE', 'BELGIUM', 'Belgium', 'Bélgica', 'BEL', 56, 32, 0, 0),
(22, 'BZ', 'BELIZE', 'Belize', 'Belize', 'BLZ', 84, 501, 0, 0),
(23, 'BJ', 'BENIN', 'Benin', 'Benín', 'BEN', 204, 229, 0, 0),
(24, 'BM', 'BERMUDA', 'Bermuda', 'Bermuda', 'BMU', 60, 1441, 0, 0),
(25, 'BT', 'BHUTAN', 'Bhutan', 'Bután', 'BTN', 64, 975, 0, 0),
(26, 'BO', 'BOLIVIA', 'Bolivia', 'Bolivia', 'BOL', 68, 591, 0, 0),
(27, 'BA', 'BOSNIA AND HERZEGOVINA', 'Bosnia and Herzegovina', 'Bosnia y Herzegovina', 'BIH', 70, 387, 0, 0),
(28, 'BW', 'BOTSWANA', 'Botswana', 'Botswana', 'BWA', 72, 267, 0, 0),
(29, 'BV', 'BOUVET ISLAND', 'Bouvet Island', 'Isla Bouvet', NULL, NULL, 0, 0, 0),
(30, 'BR', 'BRAZIL', 'Brazil', 'Brasil', 'BRA', 76, 55, 0, 0),
(31, 'IO', 'BRITISH INDIAN OCEAN TERRITORY', 'British Indian Ocean Territory', 'Territorio Oceánico de las Indias Británicas', NULL, NULL, 246, 0, 0),
(32, 'BN', 'BRUNEI DARUSSALAM', 'Brunei Darussalam', 'Brunei Darussalam', 'BRN', 96, 673, 0, 0),
(33, 'BG', 'BULGARIA', 'Bulgaria', 'Bulgaria', 'BGR', 100, 359, 0, 0),
(34, 'BF', 'BURKINA FASO', 'Burkina Faso', 'Burkina Faso', 'BFA', 854, 226, 0, 0),
(35, 'BI', 'BURUNDI', 'Burundi', 'Burundi', 'BDI', 108, 257, 0, 0),
(36, 'KH', 'CAMBODIA', 'Cambodia', 'Camboya', 'KHM', 116, 855, 0, 0),
(37, 'CM', 'CAMEROON', 'Cameroon', 'Camerún', 'CMR', 120, 237, 0, 0),
(38, 'CA', 'CANADA', 'Canada', 'Canadá', 'CAN', 124, 1, 0, 0),
(39, 'CV', 'CAPE VERDE', 'Cape Verde', 'Cabo Verde', 'CPV', 132, 238, 0, 0),
(40, 'KY', 'CAYMAN ISLANDS', 'Cayman Islands', 'Islas Caimán', 'CYM', 136, 1345, 0, 0),
(41, 'CF', 'CENTRAL AFRICAN REPUBLIC', 'Central African Republic', 'República Centroafricana', 'CAF', 140, 236, 0, 0),
(42, 'TD', 'CHAD', 'Chad', 'Chad', 'TCD', 148, 235, 0, 0),
(43, 'CL', 'CHILE', 'Chile', 'Chile', 'CHL', 152, 56, 0, 0),
(44, 'CN', 'CHINA', 'China', 'China', 'CHN', 156, 86, 0, 0),
(45, 'CX', 'CHRISTMAS ISLAND', 'Christmas Island', 'Islas Navidad', NULL, NULL, 61, 0, 0),
(46, 'CC', 'COCOS (KEELING) ISLANDS', 'Cocos (Keeling) Islands', 'Islas Cocos', NULL, NULL, 672, 0, 0),
(47, 'CO', 'COLOMBIA', 'Colombia', 'Colombia', 'COL', 170, 57, 0, 0),
(48, 'KM', 'COMOROS', 'Comoros', 'Comoras', 'COM', 174, 269, 0, 0),
(49, 'CG', 'CONGO', 'Congo', 'Congo', 'COG', 178, 242, 0, 0),
(50, 'CD', 'CONGO, THE DEMOCRATIC REPUBLIC OF THE', 'Congo, the Democratic Republic of the', 'La República Democrática del Congo', 'COD', 180, 242, 0, 0),
(51, 'CK', 'COOK ISLANDS', 'Cook Islands', 'Islas Cook', 'COK', 184, 682, 0, 0),
(52, 'CR', 'COSTA RICA', 'Costa Rica', 'Costa Rica', 'CRI', 188, 506, 0, 0),
(53, 'CI', 'COTE D\'IVOIRE', 'Cote D\'Ivoire', 'Costa de Marfil', 'CIV', 384, 225, 0, 0),
(54, 'HR', 'CROATIA', 'Croatia', 'Croacia', 'HRV', 191, 385, 0, 0),
(55, 'CU', 'CUBA', 'Cuba', 'Cuba', 'CUB', 192, 53, 0, 0),
(56, 'CY', 'CYPRUS', 'Cyprus', 'Chipre', 'CYP', 196, 357, 0, 0),
(57, 'CZ', 'CZECH REPUBLIC', 'Czech Republic', 'República Checa', 'CZE', 203, 420, 0, 0),
(58, 'DK', 'DENMARK', 'Denmark', 'Dinamarca', 'DNK', 208, 45, 0, 0),
(59, 'DJ', 'DJIBOUTI', 'Djibouti', 'Djibouti', 'DJI', 262, 253, 0, 0),
(60, 'DM', 'DOMINICA', 'Dominica', 'Dominica', 'DMA', 212, 1767, 0, 0),
(61, 'DO', 'DOMINICAN REPUBLIC', 'Dominican Republic', 'República Dominicana', 'DOM', 214, 1809, 0, 0),
(62, 'EC', 'ECUADOR', 'Ecuador', 'Ecuador', 'ECU', 218, 593, 0, 0),
(63, 'EG', 'EGYPT', 'Egypt', 'Egipto', 'EGY', 818, 20, 0, 0),
(64, 'SV', 'EL SALVADOR', 'El Salvador', 'El Salvador', 'SLV', 222, 503, 0, 0),
(65, 'GQ', 'EQUATORIAL GUINEA', 'Equatorial Guinea', 'Guinea Ecuatorial', 'GNQ', 226, 240, 0, 0),
(66, 'ER', 'ERITREA', 'Eritrea', 'Eritrea', 'ERI', 232, 291, 0, 0),
(67, 'EE', 'ESTONIA', 'Estonia', 'Estonia', 'EST', 233, 372, 0, 0),
(68, 'ET', 'ETHIOPIA', 'Ethiopia', 'Etiopía', 'ETH', 231, 251, 0, 0),
(69, 'FK', 'FALKLAND ISLANDS (MALVINAS)', 'Falkland Islands (Malvinas)', 'Las Malvinas', 'FLK', 238, 500, 0, 0),
(70, 'FO', 'FAROE ISLANDS', 'Faroe Islands', 'Islas Feroe', 'FRO', 234, 298, 0, 0),
(71, 'FJ', 'FIJI', 'Fiji', 'Fiji', 'FJI', 242, 679, 0, 0),
(72, 'FI', 'FINLAND', 'Finland', 'Finlandia', 'FIN', 246, 358, 0, 0),
(73, 'FR', 'FRANCE', 'France', 'Francia', 'FRA', 250, 33, 0, 0),
(74, 'GF', 'FRENCH GUIANA', 'French Guiana', 'Guyana francesa', 'GUF', 254, 594, 0, 0),
(75, 'PF', 'FRENCH POLYNESIA', 'French Polynesia', 'Polinesia francesa', 'PYF', 258, 689, 0, 0),
(76, 'TF', 'FRENCH SOUTHERN TERRITORIES', 'French Southern Territories', 'Tierras Australes y Antárticas Francesas', NULL, NULL, 0, 0, 0),
(77, 'GA', 'GABON', 'Gabon', 'Gabón', 'GAB', 266, 241, 0, 0),
(78, 'GM', 'GAMBIA', 'Gambia', 'Gambia', 'GMB', 270, 220, 0, 0),
(79, 'GE', 'GEORGIA', 'Georgia', 'Georgia', 'GEO', 268, 995, 0, 0),
(80, 'DE', 'GERMANY', 'Germany', 'Alemania', 'DEU', 276, 49, 0, 0),
(81, 'GH', 'GHANA', 'Ghana', 'Ghana', 'GHA', 288, 233, 0, 0),
(82, 'GI', 'GIBRALTAR', 'Gibraltar', 'Gibraltar', 'GIB', 292, 350, 0, 0),
(83, 'GR', 'GREECE', 'Greece', 'Grecia', 'GRC', 300, 30, 0, 0),
(84, 'GL', 'GREENLAND', 'Greenland', 'Groenlandia', 'GRL', 304, 299, 0, 0),
(85, 'GD', 'GRENADA', 'Grenada', 'Granada', 'GRD', 308, 1473, 0, 0),
(86, 'GP', 'GUADELOUPE', 'Guadeloupe', 'Guadalupe', 'GLP', 312, 590, 0, 0),
(87, 'GU', 'GUAM', 'Guam', 'Guam', 'GUM', 316, 1671, 0, 0),
(88, 'GT', 'GUATEMALA', 'Guatemala', 'Guatemala', 'GTM', 320, 502, 0, 0),
(89, 'GN', 'GUINEA', 'Guinea', 'Guinea', 'GIN', 324, 224, 0, 0),
(90, 'GW', 'GUINEA-BISSAU', 'Guinea-Bissau', 'Guinea-Bissau', 'GNB', 624, 245, 0, 0),
(91, 'GY', 'GUYANA', 'Guyana', 'Guyana', 'GUY', 328, 592, 0, 0),
(92, 'HT', 'HAITI', 'Haiti', 'Haití', 'HTI', 332, 509, 0, 0),
(93, 'HM', 'HEARD ISLAND AND MCDONALD ISLANDS', 'Heard Island and Mcdonald Islands', 'Isla Corazón e Isla Mcdonald', NULL, NULL, 0, 0, 0),
(94, 'VA', 'HOLY SEE (VATICAN CITY STATE)', 'Holy See (Vatican City State)', 'Santa Sede (Ciudad Estado del Vaticano)', 'VAT', 336, 39, 0, 0),
(95, 'HN', 'HONDURAS', 'Honduras', 'Honduras', 'HND', 340, 504, 0, 0),
(96, 'HK', 'HONG KONG', 'Hong Kong', 'Hong Kong', 'HKG', 344, 852, 0, 0),
(97, 'HU', 'HUNGARY', 'Hungary', 'Hungría', 'HUN', 348, 36, 0, 0),
(98, 'IS', 'ICELAND', 'Iceland', 'Islandia', 'ISL', 352, 354, 0, 0),
(99, 'IN', 'INDIA', 'India', 'India', 'IND', 356, 91, 0, 0),
(100, 'ID', 'INDONESIA', 'Indonesia', 'Indonesia', 'IDN', 360, 62, 0, 0),
(101, 'IR', 'IRAN, ISLAMIC REPUBLIC OF', 'Iran, Islamic Republic of', 'República Islámica de Irán', 'IRN', 364, 98, 0, 0),
(102, 'IQ', 'IRAQ', 'Iraq', 'Irak', 'IRQ', 368, 964, 0, 0),
(103, 'IE', 'IRELAND', 'Ireland', 'Irlanda', 'IRL', 372, 353, 0, 0),
(104, 'IL', 'ISRAEL', 'Israel', 'Israel', 'ISR', 376, 972, 0, 0),
(105, 'IT', 'ITALY', 'Italy', 'Italia', 'ITA', 380, 39, 0, 0),
(106, 'JM', 'JAMAICA', 'Jamaica', 'Jamaica', 'JAM', 388, 1876, 0, 0),
(107, 'JP', 'JAPAN', 'Japan', 'Japón', 'JPN', 392, 81, 0, 0),
(108, 'JO', 'JORDAN', 'Jordan', 'Jordania', 'JOR', 400, 962, 0, 0),
(109, 'KZ', 'KAZAKHSTAN', 'Kazakhstan', 'Kazajistán', 'KAZ', 398, 7, 0, 0),
(110, 'KE', 'KENYA', 'Kenya', 'Kenia', 'KEN', 404, 254, 0, 0),
(111, 'KI', 'KIRIBATI', 'Kiribati', 'Kiribati', 'KIR', 296, 686, 0, 0),
(112, 'KP', 'KOREA, DEMOCRATIC PEOPLE\'S REPUBLIC OF', 'Korea, Democratic People\'s Republic of', 'República Popular Democrática de Corea', 'PRK', 408, 850, 0, 0),
(113, 'KR', 'KOREA, REPUBLIC OF', 'Korea, Republic of', 'República de Corea', 'KOR', 410, 82, 0, 0),
(114, 'KW', 'KUWAIT', 'Kuwait', 'Kuwait', 'KWT', 414, 965, 0, 0),
(115, 'KG', 'KYRGYZSTAN', 'Kyrgyzstan', 'Kirguistán', 'KGZ', 417, 996, 0, 0),
(116, 'LA', 'LAO PEOPLE\'S DEMOCRATIC REPUBLIC', 'Lao People\'s Democratic Republic', 'República Popular Democrática de Laos', 'LAO', 418, 856, 0, 0),
(117, 'LV', 'LATVIA', 'Latvia', 'Letonia', 'LVA', 428, 371, 0, 0),
(118, 'LB', 'LEBANON', 'Lebanon', 'Líbano', 'LBN', 422, 961, 0, 0),
(119, 'LS', 'LESOTHO', 'Lesotho', 'Lesotho', 'LSO', 426, 266, 0, 0),
(120, 'LR', 'LIBERIA', 'Liberia', 'Liberia', 'LBR', 430, 231, 0, 0),
(121, 'LY', 'LIBYAN ARAB JAMAHIRIYA', 'Libyan Arab Jamahiriya', 'Estado de Libia', 'LBY', 434, 218, 0, 0),
(122, 'LI', 'LIECHTENSTEIN', 'Liechtenstein', 'Liechtenstein', 'LIE', 438, 423, 0, 0),
(123, 'LT', 'LITHUANIA', 'Lithuania', 'Lituania', 'LTU', 440, 370, 0, 0),
(124, 'LU', 'LUXEMBOURG', 'Luxembourg', 'Luxemburgo', 'LUX', 442, 352, 0, 0),
(125, 'MO', 'MACAO', 'Macao', 'Macao', 'MAC', 446, 853, 0, 0),
(126, 'MK', 'MACEDONIA, THE FORMER YUGOSLAV REPUBLIC OF', 'Macedonia, the Former Yugoslav Republic of', 'Antigua República Yugoslava de Macedonia', 'MKD', 807, 389, 0, 0),
(127, 'MG', 'MADAGASCAR', 'Madagascar', 'Madagascar', 'MDG', 450, 261, 0, 0),
(128, 'MW', 'MALAWI', 'Malawi', 'Malawi', 'MWI', 454, 265, 0, 0),
(129, 'MY', 'MALAYSIA', 'Malaysia', 'Malasia', 'MYS', 458, 60, 0, 0),
(130, 'MV', 'MALDIVES', 'Maldives', 'Maldivas', 'MDV', 462, 960, 0, 0),
(131, 'ML', 'MALI', 'Mali', 'Mali', 'MLI', 466, 223, 0, 0),
(132, 'MT', 'MALTA', 'Malta', 'Malta', 'MLT', 470, 356, 0, 0),
(133, 'MH', 'MARSHALL ISLANDS', 'Marshall Islands', 'Islas Marshall', 'MHL', 584, 692, 0, 0),
(134, 'MQ', 'MARTINIQUE', 'Martinique', 'Martinica', 'MTQ', 474, 596, 0, 0),
(135, 'MR', 'MAURITANIA', 'Mauritania', 'Mauritania', 'MRT', 478, 222, 0, 0),
(136, 'MU', 'MAURITIUS', 'Mauritius', 'Islas Mauricio', 'MUS', 480, 230, 0, 0),
(137, 'YT', 'MAYOTTE', 'Mayotte', 'Mayotte, Departamento de Mayotte', NULL, NULL, 269, 0, 0),
(138, 'MX', 'MEXICO', 'Mexico', 'México', 'MEX', 484, 52, 0, 0),
(139, 'FM', 'MICRONESIA, FEDERATED STATES OF', 'Micronesia, Federated States of', 'Estados Federados de Micronesia', 'FSM', 583, 691, 0, 0),
(140, 'MD', 'MOLDOVA, REPUBLIC OF', 'Moldova, Republic of', 'República de Moldavia', 'MDA', 498, 373, 0, 0),
(141, 'MC', 'MONACO', 'Monaco', 'Mónaco', 'MCO', 492, 377, 0, 0),
(142, 'MN', 'MONGOLIA', 'Mongolia', 'Mongolia', 'MNG', 496, 976, 0, 0),
(143, 'MS', 'MONTSERRAT', 'Montserrat', 'Montserrat', 'MSR', 500, 1664, 0, 0),
(144, 'MA', 'MOROCCO', 'Morocco', 'Marruecos', 'MAR', 504, 212, 0, 0),
(145, 'MZ', 'MOZAMBIQUE', 'Mozambique', 'Mozambique', 'MOZ', 508, 258, 0, 0),
(146, 'MM', 'MYANMAR', 'Myanmar', 'Birmania', 'MMR', 104, 95, 0, 0),
(147, 'NA', 'NAMIBIA', 'Namibia', 'Namibia', 'NAM', 516, 264, 0, 0),
(148, 'NR', 'NAURU', 'Nauru', 'Nauru', 'NRU', 520, 674, 0, 0),
(149, 'NP', 'NEPAL', 'Nepal', 'Nepal', 'NPL', 524, 977, 0, 0),
(150, 'NL', 'NETHERLANDS', 'Netherlands', 'Países Bajos', 'NLD', 528, 31, 0, 0),
(151, 'AN', 'NETHERLANDS ANTILLES', 'Netherlands Antilles', 'Antillas Holandesas', 'ANT', 530, 599, 0, 0),
(152, 'NC', 'NEW CALEDONIA', 'New Caledonia', 'Nueva Caledonia', 'NCL', 540, 687, 0, 0),
(153, 'NZ', 'NEW ZEALAND', 'New Zealand', 'Nueva Zelanda', 'NZL', 554, 64, 0, 0),
(154, 'NI', 'NICARAGUA', 'Nicaragua', 'Nicaragua', 'NIC', 558, 505, 0, 0),
(155, 'NE', 'NIGER', 'Niger', 'Níger', 'NER', 562, 227, 0, 0),
(156, 'NG', 'NIGERIA', 'Nigeria', 'Nigeria', 'NGA', 566, 234, 0, 0),
(157, 'NU', 'NIUE', 'Niue', 'Niue', 'NIU', 570, 683, 0, 0),
(158, 'NF', 'NORFOLK ISLAND', 'Norfolk Island', 'Isla Norfolk', 'NFK', 574, 672, 0, 0),
(159, 'MP', 'NORTHERN MARIANA ISLANDS', 'Northern Mariana Islands', 'Islas Marianas del Norte', 'MNP', 580, 1670, 0, 0),
(160, 'NO', 'NORWAY', 'Norway', 'Noruega', 'NOR', 578, 47, 0, 0),
(161, 'OM', 'OMAN', 'Oman', 'Omán', 'OMN', 512, 968, 0, 0),
(162, 'PK', 'PAKISTAN', 'Pakistan', 'Pakistán', 'PAK', 586, 92, 0, 0),
(163, 'PW', 'PALAU', 'Palau', 'Palau', 'PLW', 585, 680, 0, 0),
(164, 'PS', 'PALESTINIAN TERRITORY, OCCUPIED', 'Palestinian Territory, Occupied', 'Territorio Ocupado de Palestina', NULL, NULL, 970, 0, 0),
(165, 'PA', 'PANAMA', 'Panama', 'Panamá', 'PAN', 591, 507, 0, 0),
(166, 'PG', 'PAPUA NEW GUINEA', 'Papua New Guinea', 'Papua Nueva Guinea', 'PNG', 598, 675, 0, 0),
(167, 'PY', 'PARAGUAY', 'Paraguay', 'Paraguay', 'PRY', 600, 595, 0, 0),
(168, 'PE', 'PERU', 'Peru', 'Perú', 'PER', 604, 51, 0, 0),
(169, 'PH', 'PHILIPPINES', 'Philippines', 'Filipinas', 'PHL', 608, 63, 0, 0),
(170, 'PN', 'PITCAIRN', 'Pitcairn', 'Pitcairn', 'PCN', 612, 0, 0, 0),
(171, 'PL', 'POLAND', 'Poland', 'Polonia', 'POL', 616, 48, 0, 0),
(172, 'PT', 'PORTUGAL', 'Portugal', 'Portugal', 'PRT', 620, 351, 0, 0),
(173, 'PR', 'PUERTO RICO', 'Puerto Rico', 'Puerto Rico', 'PRI', 630, 1787, 0, 0),
(174, 'QA', 'QATAR', 'Qatar', 'Catar', 'QAT', 634, 974, 0, 0),
(175, 'RE', 'REUNION', 'Reunion', 'Reunión', 'REU', 638, 262, 0, 0),
(176, 'RO', 'ROMANIA', 'Romania', 'Rumanía', 'ROM', 642, 40, 0, 0),
(177, 'RU', 'RUSSIAN FEDERATION', 'Russian Federation', 'Federación Rusa (Rusia)', 'RUS', 643, 70, 0, 0),
(178, 'RW', 'RWANDA', 'Rwanda', 'Ruanda', 'RWA', 646, 250, 0, 0),
(179, 'SH', 'SAINT HELENA', 'Saint Helena', 'Santa Helena', 'SHN', 654, 290, 0, 0),
(180, 'KN', 'SAINT KITTS AND NEVIS', 'Saint Kitts and Nevis', 'San Kitts y Nevis', 'KNA', 659, 1869, 0, 0),
(181, 'LC', 'SAINT LUCIA', 'Saint Lucia', 'Santa Lucía', 'LCA', 662, 1758, 0, 0),
(182, 'PM', 'SAINT PIERRE AND MIQUELON', 'Saint Pierre and Miquelon', 'San Pedro y Miquelón', 'SPM', 666, 508, 0, 0),
(183, 'VC', 'SAINT VINCENT AND THE GRENADINES', 'Saint Vincent and the Grenadines', 'San Vicente y las Granadinas', 'VCT', 670, 1784, 0, 0),
(184, 'WS', 'SAMOA', 'Samoa', 'Samoa', 'WSM', 882, 684, 0, 0),
(185, 'SM', 'SAN MARINO', 'San Marino', 'San Marino', 'SMR', 674, 378, 0, 0),
(186, 'ST', 'SAO TOME AND PRINCIPE', 'Sao Tome and Principe', 'Santo Tomás y Príncipe', 'STP', 678, 239, 0, 0),
(187, 'SA', 'SAUDI ARABIA', 'Saudi Arabia', 'Arabia Saudí', 'SAU', 682, 966, 0, 0),
(188, 'SN', 'SENEGAL', 'Senegal', 'Senegal', 'SEN', 686, 221, 0, 0),
(189, 'CS', 'SERBIA AND MONTENEGRO', 'Serbia and Montenegro', 'Serbia y Montenegro', NULL, NULL, 381, 0, 0),
(190, 'SC', 'SEYCHELLES', 'Seychelles', 'Seychelles', 'SYC', 690, 248, 0, 0),
(191, 'SL', 'SIERRA LEONE', 'Sierra Leone', 'Sierra Leona', 'SLE', 694, 232, 0, 0),
(192, 'SG', 'SINGAPORE', 'Singapore', 'Singapur', 'SGP', 702, 65, 0, 0),
(193, 'SK', 'SLOVAKIA', 'Slovakia', 'Eslovaquia', 'SVK', 703, 421, 0, 0),
(194, 'SI', 'SLOVENIA', 'Slovenia', 'Eslovenia', 'SVN', 705, 386, 0, 0),
(195, 'SB', 'SOLOMON ISLANDS', 'Solomon Islands', 'Islas Salomón', 'SLB', 90, 677, 0, 0),
(196, 'SO', 'SOMALIA', 'Somalia', 'Somalia', 'SOM', 706, 252, 0, 0),
(197, 'ZA', 'SOUTH AFRICA', 'South Africa', 'Sudáfrica', 'ZAF', 710, 27, 0, 0),
(198, 'GS', 'SOUTH GEORGIA AND THE SOUTH SANDWICH ISLANDS', 'South Georgia and the South Sandwich Islands', 'Islas Georgias del Sur y Sandwich del Sur', NULL, NULL, 0, 0, 0),
(199, 'ES', 'SPAIN', 'Spain', 'España', 'ESP', 724, 34, 40.3833, -3.71667),
(200, 'LK', 'SRI LANKA', 'Sri Lanka', 'Sri Lanka', 'LKA', 144, 94, 0, 0),
(201, 'SD', 'SUDAN', 'Sudan', 'Sudán', 'SDN', 736, 249, 0, 0),
(202, 'SR', 'SURINAME', 'Suriname', 'Surinamm', 'SUR', 740, 597, 0, 0),
(203, 'SJ', 'SVALBARD AND JAN MAYEN', 'Svalbard and Jan Mayen', 'Svalbard y Jan Mayen', 'SJM', 744, 47, 0, 0),
(204, 'SZ', 'SWAZILAND', 'Swaziland', 'Suazilandia', 'SWZ', 748, 268, 0, 0),
(205, 'SE', 'SWEDEN', 'Sweden', 'Suecia', 'SWE', 752, 46, 0, 0),
(206, 'CH', 'SWITZERLAND', 'Switzerland', 'Suiza', 'CHE', 756, 41, 0, 0),
(207, 'SY', 'SYRIAN ARAB REPUBLIC', 'Syrian Arab Republic', 'República Árabe Siria', 'SYR', 760, 963, 0, 0),
(208, 'TW', 'TAIWAN, PROVINCE OF CHINA', 'Taiwan, Province of China', 'Taiwán', 'TWN', 158, 886, 0, 0),
(209, 'TJ', 'TAJIKISTAN', 'Tajikistan', 'Tayikistán', 'TJK', 762, 992, 0, 0),
(210, 'TZ', 'TANZANIA, UNITED REPUBLIC OF', 'Tanzania, United Republic of', 'República Unida de Tanzania', 'TZA', 834, 255, 0, 0),
(211, 'TH', 'THAILAND', 'Thailand', 'Tailandia', 'THA', 764, 66, 0, 0),
(212, 'TL', 'TIMOR-LESTE', 'Timor-Leste', 'Timor', NULL, NULL, 670, 0, 0),
(213, 'TG', 'TOGO', 'Togo', 'Togo', 'TGO', 768, 228, 0, 0),
(214, 'TK', 'TOKELAU', 'Tokelau', 'Tokelau', 'TKL', 772, 690, 0, 0),
(215, 'TO', 'TONGA', 'Tonga', 'Tonga', 'TON', 776, 676, 0, 0),
(216, 'TT', 'TRINIDAD AND TOBAGO', 'Trinidad and Tobago', 'Trinidad y Tobago', 'TTO', 780, 1868, 0, 0),
(217, 'TN', 'TUNISIA', 'Tunisia', 'Túnez', 'TUN', 788, 216, 0, 0),
(218, 'TR', 'TURKEY', 'Turkey', 'Turquía', 'TUR', 792, 90, 0, 0),
(219, 'TM', 'TURKMENISTAN', 'Turkmenistan', 'Turkmenistán', 'TKM', 795, 7370, 0, 0),
(220, 'TC', 'TURKS AND CAICOS ISLANDS', 'Turks and Caicos Islands', 'Islas Turcas y Caicos', 'TCA', 796, 1649, 0, 0),
(221, 'TV', 'TUVALU', 'Tuvalu', 'Tuvalu', 'TUV', 798, 688, 0, 0),
(222, 'UG', 'UGANDA', 'Uganda', 'Uganda', 'UGA', 800, 256, 0, 0),
(223, 'UA', 'UKRAINE', 'Ukraine', 'Ucrania', 'UKR', 804, 380, 0, 0),
(224, 'AE', 'UNITED ARAB EMIRATES', 'United Arab Emirates', 'Emiratos Árabes Unidos', 'ARE', 784, 971, 0, 0),
(225, 'GB', 'UNITED KINGDOM', 'United Kingdom', 'Reino Unido', 'GBR', 826, 44, 0, 0),
(226, 'US', 'UNITED STATES', 'United States', 'Estados Unidos', 'USA', 840, 1, 0, 0),
(227, 'UM', 'UNITED STATES MINOR OUTLYING ISLANDS', 'United States Minor Outlying Islands', 'Islas Ultramarinas Menores de Estados Unidos', NULL, NULL, 1, 0, 0),
(228, 'UY', 'URUGUAY', 'Uruguay', 'Uruguay', 'URY', 858, 598, 0, 0),
(229, 'UZ', 'UZBEKISTAN', 'Uzbekistan', 'Uzbekistán', 'UZB', 860, 998, 0, 0),
(230, 'VU', 'VANUATU', 'Vanuatu', 'Vanuatu', 'VUT', 548, 678, 0, 0),
(231, 'VE', 'VENEZUELA', 'Venezuela', 'Venezuela', 'VEN', 862, 58, 0, 0),
(232, 'VN', 'VIET NAM', 'Viet Nam', 'Vietnam', 'VNM', 704, 84, 0, 0),
(233, 'VG', 'VIRGIN ISLANDS, BRITISH', 'Virgin Islands, British', 'Islas Vírgenes británicas', 'VGB', 92, 1284, 0, 0),
(234, 'VI', 'VIRGIN ISLANDS, U.S.', 'Virgin Islands, U.s.', 'Islas Vírgenes americanas', 'VIR', 850, 1340, 0, 0),
(235, 'WF', 'WALLIS AND FUTUNA', 'Wallis and Futuna', 'Wallis y Futuna', 'WLF', 876, 681, 0, 0),
(236, 'EH', 'WESTERN SAHARA', 'Western Sahara', 'Sáhara Occidental', 'ESH', 732, 212, 0, 0),
(237, 'YE', 'YEMEN', 'Yemen', 'Yemen', 'YEM', 887, 967, 0, 0),
(238, 'ZM', 'ZAMBIA', 'Zambia', 'Zambia', 'ZMB', 894, 260, 0, 0),
(239, 'ZW', 'ZIMBABWE', 'Zimbabwe', 'Zimbabue', 'ZWE', 716, 263, 0, 0);

-- --------------------------------------------------------

--
-- Estructura de tabla para la tabla `temporadas`
--

CREATE TABLE IF NOT EXISTS `temporadas` (
  `id_temporada` int(5) NOT NULL,
  `temporada` varchar(10) COLLATE utf8_bin NOT NULL,
  PRIMARY KEY (`id_temporada`)
) ENGINE=InnoDB DEFAULT CHARSET=utf8 COLLATE=utf8_bin;

--
-- Volcado de datos para la tabla `temporadas`
--

INSERT INTO `temporadas` (`id_temporada`, `temporada`) VALUES
(1, '2000-01'),
(2, '2001-02'),
(3, '2002-03'),
(4, '2003-04'),
(5, '2004-05'),
(6, '2005-06'),
(7, '2006-07'),
(8, '2007-08'),
(9, '2008-09'),
(10, '2009-10'),
(11, '2010-11'),
(12, '2011-12'),
(13, '2012-13'),
(14, '2013-14'),
(15, '2014-15'),
(16, '2015-16'),
(17, '2016-17'),
(18, '2017-18');

-- --------------------------------------------------------

--
-- Estructura de tabla para la tabla `usuarios`
--

CREATE TABLE IF NOT EXISTS `usuarios` (
  `usuario` varchar(50) COLLATE utf8_bin NOT NULL,
  `contrasena` varchar(100) COLLATE utf8_bin NOT NULL,
  `email` varchar(255) COLLATE utf8_bin NOT NULL,
  `administrador` tinyint(1) NOT NULL,
  `nombre_completo` varchar(255) COLLATE utf8_bin DEFAULT NULL,
  `fecha_nacimiento` varchar(15) COLLATE utf8_bin NOT NULL,
  `id_franquicia` int(10) DEFAULT NULL,
  `id_pais` int(11) DEFAULT NULL,
  PRIMARY KEY (`usuario`),
  UNIQUE KEY `usuario` (`usuario`),
  UNIQUE KEY `email` (`email`),
  KEY `id_franquicia` (`id_franquicia`),
  KEY `id_pais` (`id_pais`)
) ENGINE=InnoDB DEFAULT CHARSET=utf8 COLLATE=utf8_bin;

--
-- Volcado de datos para la tabla `usuarios`
--

INSERT INTO `usuarios` (`usuario`, `contrasena`, `email`, `administrador`, `nombre_completo`, `fecha_nacimiento`, `id_franquicia`, `id_pais`) VALUES
('administrador', '91f5167c34c400758115c2a6826ec2e3', 'administrador@protonmail.com', 0, 'Administrador', '11-06-2018', 1610612744, 1),
('usuario', 'f8032d5cae3de20fcec887f395ec9a6a', 'usuario@gmail.com', 0, 'Usuario', '11-06-2018', 1610612766, 6);

--
-- Restricciones para tablas volcadas
--

--
-- Filtros para la tabla `equipos`
--
ALTER TABLE `equipos`
  ADD CONSTRAINT `equipos_ibfk_1` FOREIGN KEY (`conferencia_id`) REFERENCES `conferencia` (`id_conferencia`);

--
-- Filtros para la tabla `jugadores`
--
ALTER TABLE `jugadores`
  ADD CONSTRAINT `jugadores_ibfk_1` FOREIGN KEY (`team_id`) REFERENCES `equipos` (`team_id`);

--
-- Filtros para la tabla `usuarios`
--
ALTER TABLE `usuarios`
  ADD CONSTRAINT `usuarios_ibfk_1` FOREIGN KEY (`id_pais`) REFERENCES `paises` (`id_pais`),
  ADD CONSTRAINT `usuarios_ibfk_2` FOREIGN KEY (`id_franquicia`) REFERENCES `equipos` (`team_id`);
COMMIT;

/*!40101 SET CHARACTER_SET_CLIENT=@OLD_CHARACTER_SET_CLIENT */;
/*!40101 SET CHARACTER_SET_RESULTS=@OLD_CHARACTER_SET_RESULTS */;
/*!40101 SET COLLATION_CONNECTION=@OLD_COLLATION_CONNECTION */;
